{
  "name": "themeEditor",
  "author": "椽承设计",
  "url": "https://github.com/leolee9086/themeEditor",
  "version": "0.0.3",
  "displayName": {
    "default": "themeEditor",
    "zh_CN": "themeEditor"
  },
  "description": {
    "default": "this is a plugin to modify or creat theme",
    "zh_CN": "这是一个用于编辑或者创建主题的插件"
  },
  "readme": {
    "default": "README.md",
    "en_US": "README_en_US.md",
    "zh_CN": "README.md"
  },
  "i18n": [
    "en_US",
    "zh_CN"
  ],
  "funding": {
    "custom": [
      "https://afdian.net/a/leolee9086"
    ]
  }
}
